Timestamp,ID,Name,Status,Location,Company ID,Email
2025-05-14 17:40:25,ID_U1,Unknown,1,"(326,319)",12345,user@example.com
2025-05-14 17:50:17,ID_U1,Unknown,1,"(433,330)",12345,user@example.com
2025-05-14 17:50:49,ID_U3,Unknown,1,"(526,236)",12345,user@example.com
2025-05-14 17:50:51,ID_U4,Unknown,1,"(467,244)",12345,user@example.com
2025-05-14 17:50:52,ID_U5,Unknown,1,"(432,236)",12345,user@example.com
2025-05-14 17:50:55,ID_U6,Unknown,1,"(155,226)",12345,user@example.com
2025-05-14 17:50:57,ID_U7,Unknown,1,"(459,361)",12345,user@example.com
2025-05-14 17:50:59,ID_U8,Unknown,1,"(486,373)",12345,user@example.com
2025-05-14 17:56:33,ID_U1,Unknown,1,"(317,337)",12345,user@example.com
2025-05-15 10:19:46,ID_U1,Unknown,1,"(386,238)",12345,user@example.com
2025-05-15 10:19:56,ID_U4,Unknown,1,"(408,58)",12345,user@example.com
2025-05-15 10:20:01,ID_U5,Unknown,1,"(493,269)",12345,user@example.com
2025-05-15 10:20:05,ID_U3,Unknown,1,"(476,447)",12345,user@example.com
2025-05-15 11:58:59,ID_7,Vidhi,1,"(370,297)",12345,user@example.com
2025-05-15 12:49:01,ID_1,Vidhi,1,"(384,325)",12345,user@example.com
2025-05-15 12:56:16,ID_7,Vidhi,1,"(358,310)",12345,user@example.com
2025-05-15 13:07:35,ID_5,Vidhi,1,"(361,206)",12345,user@example.com
2025-05-15 13:14:30,ID_5,Vidhi Vagehla,1,"(372,302)",12345,user@example.com
2025-05-15 14:53:41,ID_6,Vidhi Vagehla,1,"(423,294)",12345,user@example.com
2025-05-15 14:54:04,ID_U1,Unknown,1,"(355,452)",12345,user@example.com
2025-05-15 15:18:18,ID_4,Vidhi Vagehla,1,"(427,297)",12345,user@example.com
2025-05-15 15:18:38,ID_U2,Unknown,1,"(349,89)",12345,user@example.com
2025-05-15 15:23:04,ID_1,Vidhi Vagehla,1,"(471,291)",12345,user@example.com
2025-05-15 16:26:10,ID_5,Vidhi Vagehla,1,"(344,318)",12345,user@example.com
2025-05-15 17:16:03,ID_1,Vidhi Vagehla,1,"(434,361)",12345,user@example.com
2025-05-15 17:37:54,ID_1,Vidhi Vagehla,1,"(392,356)",12345,user@example.com
2025-05-15 18:15:23,ID_6,Vidhi Vagehla,1,"(418,342)",12345,user@example.com
2025-05-15 18:50:48,ID_1,Vidhi Vagehla,1,"(353,340)",12345,user@example.com
2025-05-15 18:54:30,ID_7,Vidhi Vagehla,1,"(408,355)",12345,user@example.com
